snp_id,feat_imp,phenotype,model
2449254_4,0.10717724606666666,Diameter,linearregression
8272743_3,0.031694865100000004,Diameter,linearregression
6149891_4,0.02574763823333333,Diameter,linearregression
17625171_3,0.013635107766666666,Diameter,linearregression
8421718_3,0.013625703766666665,Diameter,linearregression
16209466_3,0.012663645766666667,Diameter,linearregression
25330073_1,0.010678853966666667,Diameter,linearregression
15798990_5,0.0103750595,Diameter,linearregression
7607467_4,0.0079565464,Diameter,linearregression
25434293_1,0.007362517999999999,Diameter,linearregression
126556_2,0.0046110750333333336,Diameter,linearregression
5774206_5,0.004246705866666666,Diameter,linearregression
19493044_2,0.0005952574,Diameter,linearregression
8485116_2,0.0,Diameter,linearregression
8427020_2,0.0,Diameter,linearregression
8481523_2,0.0,Diameter,linearregression
8493097_2,0.0,Diameter,linearregression
8493515_2,0.0,Diameter,linearregression
8500918_2,0.0,Diameter,linearregression
8414907_2,0.0,Diameter,linearregression
8424133_2,0.0,Diameter,linearregression
8422146_2,0.0,Diameter,linearregression
8472976_2,0.0,Diameter,linearregression
8352752_2,0.0,Diameter,linearregression
8356959_2,0.0,Diameter,linearregression
8360188_2,0.0,Diameter,linearregression
8476524_2,0.0,Diameter,linearregression
8438986_2,0.0,Diameter,linearregression
8451398_2,0.0,Diameter,linearregression
8447440_2,0.0,Diameter,linearregression
8446715_2,0.0,Diameter,linearregression
8445743_2,0.0,Diameter,linearregression
8444204_2,0.0,Diameter,linearregression
8441764_2,0.0,Diameter,linearregression
8368187_2,0.0,Diameter,linearregression
8438220_2,0.0,Diameter,linearregression
8434470_2,0.0,Diameter,linearregression
8427224_2,0.0,Diameter,linearregression
7189827_2,0.0,Diameter,linearregression
7186398_2,0.0,Diameter,linearregression
5883906_2,0.0,Diameter,linearregression
6171151_2,0.0,Diameter,linearregression
8360192_2,0.0,Diameter,linearregression
8383518_2,0.0,Diameter,linearregression
8368886_2,0.0,Diameter,linearregression
8369789_2,0.0,Diameter,linearregression
8580469_2,0.0,Diameter,linearregression
8578994_2,0.0,Diameter,linearregression
8577194_2,0.0,Diameter,linearregression
8575262_2,0.0,Diameter,linearregression
8568534_2,0.0,Diameter,linearregression
8568519_2,0.0,Diameter,linearregression
8564001_2,0.0,Diameter,linearregression
8562197_2,0.0,Diameter,linearregression
8561254_2,0.0,Diameter,linearregression
8560590_2,0.0,Diameter,linearregression
8560581_2,0.0,Diameter,linearregression
8559936_2,0.0,Diameter,linearregression
8513359_2,0.0,Diameter,linearregression
8503456_2,0.0,Diameter,linearregression
8350562_2,0.0,Diameter,linearregression
8381487_2,0.0,Diameter,linearregression
8413755_2,0.0,Diameter,linearregression
8407958_2,0.0,Diameter,linearregression
8407668_2,0.0,Diameter,linearregression
8406188_2,0.0,Diameter,linearregression
8405702_2,0.0,Diameter,linearregression
8403545_2,0.0,Diameter,linearregression
8402714_2,0.0,Diameter,linearregression
6191830_2,0.0,Diameter,linearregression
8376293_2,0.0,Diameter,linearregression
8501368_2,0.0,Diameter,linearregression
8372012_2,0.0,Diameter,linearregression
6192705_2,0.0,Diameter,linearregression
6172574_2,0.0,Diameter,linearregression
6191511_2,0.0,Diameter,linearregression
6213698_2,0.0,Diameter,linearregression
6205997_2,0.0,Diameter,linearregression
6204467_2,0.0,Diameter,linearregression
6201815_2,0.0,Diameter,linearregression
6198445_2,0.0,Diameter,linearregression
6197302_2,0.0,Diameter,linearregression
6153869_2,0.0,Diameter,linearregression
6152606_2,0.0,Diameter,linearregression
6146780_2,0.0,Diameter,linearregression
6116834_2,0.0,Diameter,linearregression
6122844_2,0.0,Diameter,linearregression
6122337_2,0.0,Diameter,linearregression
6122118_2,0.0,Diameter,linearregression
6121339_2,0.0,Diameter,linearregression
6119394_2,0.0,Diameter,linearregression
6117795_2,0.0,Diameter,linearregression
6117562_2,0.0,Diameter,linearregression
6117305_2,0.0,Diameter,linearregression
6116728_2,0.0,Diameter,linearregression
6145617_2,0.0,Diameter,linearregression
6116593_2,0.0,Diameter,linearregression
6116088_2,0.0,Diameter,linearregression
6115099_2,0.0,Diameter,linearregression
6114423_2,0.0,Diameter,linearregression
6114244_2,0.0,Diameter,linearregression
6113776_2,0.0,Diameter,linearregression
6112979_2,0.0,Diameter,linearregression
6109857_2,0.0,Diameter,linearregression
6213028_2,0.0,Diameter,linearregression
6215606_2,0.0,Diameter,linearregression
6190159_2,0.0,Diameter,linearregression
6196461_2,0.0,Diameter,linearregression
6189501_2,0.0,Diameter,linearregression
6187190_2,0.0,Diameter,linearregression
6184003_2,0.0,Diameter,linearregression
8588520_2,0.0,Diameter,linearregression
6167829_2,0.0,Diameter,linearregression
6193512_2,0.0,Diameter,linearregression
6163263_2,0.0,Diameter,linearregression
6162026_2,0.0,Diameter,linearregression
6159272_2,0.0,Diameter,linearregression
6157178_2,0.0,Diameter,linearregression
6156943_2,0.0,Diameter,linearregression
6155883_2,0.0,Diameter,linearregression
6155389_2,0.0,Diameter,linearregression
6154005_2,0.0,Diameter,linearregression
6192974_2,0.0,Diameter,linearregression
6195017_2,0.0,Diameter,linearregression
6105632_2,0.0,Diameter,linearregression
6220776_2,0.0,Diameter,linearregression
6256677_2,0.0,Diameter,linearregression
6253322_2,0.0,Diameter,linearregression
6250557_2,0.0,Diameter,linearregression
6246475_2,0.0,Diameter,linearregression
6237156_2,0.0,Diameter,linearregression
6236750_2,0.0,Diameter,linearregression
6227766_2,0.0,Diameter,linearregression
6226150_2,0.0,Diameter,linearregression
6219023_2,0.0,Diameter,linearregression
8582411_2,0.0,Diameter,linearregression
8557977_2,0.0,Diameter,linearregression
8592720_2,0.0,Diameter,linearregression
8295498_2,0.0,Diameter,linearregression
8298742_2,0.0,Diameter,linearregression
8298961_2,0.0,Diameter,linearregression
8342962_2,0.0,Diameter,linearregression
8340954_2,0.0,Diameter,linearregression
8338194_2,0.0,Diameter,linearregression
8335509_2,0.0,Diameter,linearregression
8334899_2,0.0,Diameter,linearregression
8333531_2,0.0,Diameter,linearregression
8332901_2,0.0,Diameter,linearregression
8330473_2,0.0,Diameter,linearregression
8326671_2,0.0,Diameter,linearregression
8323379_2,0.0,Diameter,linearregression
8318859_2,0.0,Diameter,linearregression
8306332_2,0.0,Diameter,linearregression
8304363_2,0.0,Diameter,linearregression
8303282_2,0.0,Diameter,linearregression
8302325_2,0.0,Diameter,linearregression
8301572_2,0.0,Diameter,linearregression
8300028_2,0.0,Diameter,linearregression
8223709_2,0.0,Diameter,linearregression
8218121_2,0.0,Diameter,linearregression
8348125_2,0.0,Diameter,linearregression
8092574_2,0.0,Diameter,linearregression
8108819_2,0.0,Diameter,linearregression
8107907_2,0.0,Diameter,linearregression
8106389_2,0.0,Diameter,linearregression
8104769_2,0.0,Diameter,linearregression
8298265_2,0.0,Diameter,linearregression
8235656_2,0.0,Diameter,linearregression
8102272_2,0.0,Diameter,linearregression
8236876_2,0.0,Diameter,linearregression
9083443_2,0.0,Diameter,linearregression
9083308_2,0.0,Diameter,linearregression
9082879_2,0.0,Diameter,linearregression
9081493_2,0.0,Diameter,linearregression
9078897_2,0.0,Diameter,linearregression
9076319_2,0.0,Diameter,linearregression
9060184_2,0.0,Diameter,linearregression
8597838_2,0.0,Diameter,linearregression
8595604_2,0.0,Diameter,linearregression
8595394_2,0.0,Diameter,linearregression
8260266_2,0.0,Diameter,linearregression
8294397_2,0.0,Diameter,linearregression
8283200_2,0.0,Diameter,linearregression
8279735_2,0.0,Diameter,linearregression
8276689_2,0.0,Diameter,linearregression
8273627_2,0.0,Diameter,linearregression
8272902_2,0.0,Diameter,linearregression
8272342_2,0.0,Diameter,linearregression
8269022_2,0.0,Diameter,linearregression
8254869_2,0.0,Diameter,linearregression
8218208_2,0.0,Diameter,linearregression
8251003_2,0.0,Diameter,linearregression
8243328_2,0.0,Diameter,linearregression
8243064_2,0.0,Diameter,linearregression
8242698_2,0.0,Diameter,linearregression
8239952_2,0.0,Diameter,linearregression
8238448_2,0.0,Diameter,linearregression
8103588_2,0.0,Diameter,linearregression
8099336_2,0.0,Diameter,linearregression
8594088_2,0.0,Diameter,linearregression
8128551_2,0.0,Diameter,linearregression
8347762_2,0.0,Diameter,linearregression
8348888_2,0.0,Diameter,linearregression
8594653_2,0.0,Diameter,linearregression
8538917_2,0.0,Diameter,linearregression
8554447_2,0.0,Diameter,linearregression
8545490_2,0.0,Diameter,linearregression
8543963_2,0.0,Diameter,linearregression
8542893_2,0.0,Diameter,linearregression
8542882_2,0.0,Diameter,linearregression
8542755_2,0.0,Diameter,linearregression
8541185_2,0.0,Diameter,linearregression
8539504_2,0.0,Diameter,linearregression
8535221_2,0.0,Diameter,linearregression
8511544_2,0.0,Diameter,linearregression
8529535_2,0.0,Diameter,linearregression
8529211_2,0.0,Diameter,linearregression
8527653_2,0.0,Diameter,linearregression
8527580_2,0.0,Diameter,linearregression
8527454_2,0.0,Diameter,linearregression
8525383_2,0.0,Diameter,linearregression
8518735_2,0.0,Diameter,linearregression
8516643_2,0.0,Diameter,linearregression
8556582_2,0.0,Diameter,linearregression
6123712_2,0.0,Diameter,linearregression
8558544_2,0.0,Diameter,linearregression
8559860_2,0.0,Diameter,linearregression
8594432_2,0.0,Diameter,linearregression
8124731_2,0.0,Diameter,linearregression
8137043_2,0.0,Diameter,linearregression
8093215_2,0.0,Diameter,linearregression
8140017_2,0.0,Diameter,linearregression
8092315_2,0.0,Diameter,linearregression
8214208_2,0.0,Diameter,linearregression
8092202_2,0.0,Diameter,linearregression
8092171_2,0.0,Diameter,linearregression
8089102_2,0.0,Diameter,linearregression
8087586_2,0.0,Diameter,linearregression
8087330_2,0.0,Diameter,linearregression
8087307_2,0.0,Diameter,linearregression
8086215_2,0.0,Diameter,linearregression
8079675_2,0.0,Diameter,linearregression
8117161_2,0.0,Diameter,linearregression
8117789_2,0.0,Diameter,linearregression
8120676_2,0.0,Diameter,linearregression
8122859_2,0.0,Diameter,linearregression
8193255_2,0.0,Diameter,linearregression
8185868_2,0.0,Diameter,linearregression
8171913_2,0.0,Diameter,linearregression
8168512_2,0.0,Diameter,linearregression
8165381_2,0.0,Diameter,linearregression
8163479_2,0.0,Diameter,linearregression
8156835_2,0.0,Diameter,linearregression
8153219_2,0.0,Diameter,linearregression
8153160_2,0.0,Diameter,linearregression
8145672_2,0.0,Diameter,linearregression
8145475_2,0.0,Diameter,linearregression
8145472_2,0.0,Diameter,linearregression
8143262_2,0.0,Diameter,linearregression
6123046_2,0.0,Diameter,linearregression
6143944_2,0.0,Diameter,linearregression
6124384_2,0.0,Diameter,linearregression
5884456_2,0.0,Diameter,linearregression
5890743_2,0.0,Diameter,linearregression
5890729_2,0.0,Diameter,linearregression
5890382_2,0.0,Diameter,linearregression
5889725_2,0.0,Diameter,linearregression
5889032_2,0.0,Diameter,linearregression
5903458_2,0.0,Diameter,linearregression
5888935_2,0.0,Diameter,linearregression
5887919_2,0.0,Diameter,linearregression
5886611_2,0.0,Diameter,linearregression
5885302_2,0.0,Diameter,linearregression
5884974_2,0.0,Diameter,linearregression
5884841_2,0.0,Diameter,linearregression
5884517_2,0.0,Diameter,linearregression
5893974_2,0.0,Diameter,linearregression
6125788_2,0.0,Diameter,linearregression
5894086_2,0.0,Diameter,linearregression
5894639_2,0.0,Diameter,linearregression
5894963_2,0.0,Diameter,linearregression
5903312_2,0.0,Diameter,linearregression
5902961_2,0.0,Diameter,linearregression
5902204_2,0.0,Diameter,linearregression
5901437_2,0.0,Diameter,linearregression
5900941_2,0.0,Diameter,linearregression
5899960_2,0.0,Diameter,linearregression
5899620_2,0.0,Diameter,linearregression
5899217_2,0.0,Diameter,linearregression
5899098_2,0.0,Diameter,linearregression
5898616_2,0.0,Diameter,linearregression
5890895_2,0.0,Diameter,linearregression
5892270_2,0.0,Diameter,linearregression
5893531_2,0.0,Diameter,linearregression
5893658_2,0.0,Diameter,linearregression
5905735_2,0.0,Diameter,linearregression
5920394_2,0.0,Diameter,linearregression
5921823_2,0.0,Diameter,linearregression
6100931_2,0.0,Diameter,linearregression
5927439_2,0.0,Diameter,linearregression
5930509_2,0.0,Diameter,linearregression
5929929_2,0.0,Diameter,linearregression
5929746_2,0.0,Diameter,linearregression
5929563_2,0.0,Diameter,linearregression
5928885_2,0.0,Diameter,linearregression
5928767_2,0.0,Diameter,linearregression
5928507_2,0.0,Diameter,linearregression
5928122_2,0.0,Diameter,linearregression
5927079_2,0.0,Diameter,linearregression
5922298_2,0.0,Diameter,linearregression
5927065_2,0.0,Diameter,linearregression
5926074_2,0.0,Diameter,linearregression
5925841_2,0.0,Diameter,linearregression
5925190_2,0.0,Diameter,linearregression
5925058_2,0.0,Diameter,linearregression
5923326_2,0.0,Diameter,linearregression
5923168_2,0.0,Diameter,linearregression
5922861_2,0.0,Diameter,linearregression
5905603_2,0.0,Diameter,linearregression
5904535_2,0.0,Diameter,linearregression
5904016_2,0.0,Diameter,linearregression
5889109_2,0.0,Diameter,linearregression
5897754_2,0.0,Diameter,linearregression
5897483_2,0.0,Diameter,linearregression
5897394_2,0.0,Diameter,linearregression
6097625_2,0.0,Diameter,linearregression
6092588_2,0.0,Diameter,linearregression
6090272_2,0.0,Diameter,linearregression
6089168_2,0.0,Diameter,linearregression
6087781_2,0.0,Diameter,linearregression
6085620_2,0.0,Diameter,linearregression
6083014_2,0.0,Diameter,linearregression
6082401_2,0.0,Diameter,linearregression
6078322_2,0.0,Diameter,linearregression
6077734_2,0.0,Diameter,linearregression
6077132_2,0.0,Diameter,linearregression
6075429_2,0.0,Diameter,linearregression
6075123_2,0.0,Diameter,linearregression
6070523_2,0.0,Diameter,linearregression
6069884_2,0.0,Diameter,linearregression
6067929_2,0.0,Diameter,linearregression
6021529_2,0.0,Diameter,linearregression
6019273_2,0.0,Diameter,linearregression
5932230_2,0.0,Diameter,linearregression
5952270_2,0.0,Diameter,linearregression
5977652_2,0.0,Diameter,linearregression
5958889_2,0.0,Diameter,linearregression
5958199_2,0.0,Diameter,linearregression
9279667_2,0.0,Diameter,linearregression
6431055_2,0.0,Diameter,linearregression
6429366_2,0.0,Diameter,linearregression
6015252_2,0.0,Diameter,linearregression
5947282_2,0.0,Diameter,linearregression
6093859_2,0.0,Diameter,linearregression
6066798_2,0.0,Diameter,linearregression
5896725_2,0.0,Diameter,linearregression
6064489_2,0.0,Diameter,linearregression
5896479_2,0.0,Diameter,linearregression
5895997_2,0.0,Diameter,linearregression
5895638_2,0.0,Diameter,linearregression
5930820_2,0.0,Diameter,linearregression
5931089_2,0.0,Diameter,linearregression
5931608_2,0.0,Diameter,linearregression
6052123_2,0.0,Diameter,linearregression
6058764_2,0.0,Diameter,linearregression
6058197_2,0.0,Diameter,linearregression
6057763_2,0.0,Diameter,linearregression
6056444_2,0.0,Diameter,linearregression
6055964_2,0.0,Diameter,linearregression
6053945_2,0.0,Diameter,linearregression
6052194_2,0.0,Diameter,linearregression
6052131_2,0.0,Diameter,linearregression
6052082_2,0.0,Diameter,linearregression
6021481_2,0.0,Diameter,linearregression
6051190_2,0.0,Diameter,linearregression
6047304_2,0.0,Diameter,linearregression
6045500_2,0.0,Diameter,linearregression
6041541_2,0.0,Diameter,linearregression
6034638_2,0.0,Diameter,linearregression
6029852_2,0.0,Diameter,linearregression
6025843_2,0.0,Diameter,linearregression
6021552_2,0.0,Diameter,linearregression
6059948_2,0.0,Diameter,linearregression
6061334_2,0.0,Diameter,linearregression
5905854_2,0.0,Diameter,linearregression
5906303_2,0.0,Diameter,linearregression
5907593_2,0.0,Diameter,linearregression
6388875_2,0.0,Diameter,linearregression
6388119_2,0.0,Diameter,linearregression
6381262_2,0.0,Diameter,linearregression
6379244_2,0.0,Diameter,linearregression
6376406_2,0.0,Diameter,linearregression
6373305_2,0.0,Diameter,linearregression
6365315_2,0.0,Diameter,linearregression
6363985_2,0.0,Diameter,linearregression
6362186_2,0.0,Diameter,linearregression
6398787_2,0.0,Diameter,linearregression
6401114_2,0.0,Diameter,linearregression
6408055_2,0.0,Diameter,linearregression
6412436_2,0.0,Diameter,linearregression
6427452_2,0.0,Diameter,linearregression
6426702_2,0.0,Diameter,linearregression
6423190_2,0.0,Diameter,linearregression
6423041_2,0.0,Diameter,linearregression
6421513_2,0.0,Diameter,linearregression
6420188_2,0.0,Diameter,linearregression
6419648_2,0.0,Diameter,linearregression
6419312_2,0.0,Diameter,linearregression
6418546_2,0.0,Diameter,linearregression
6417869_2,0.0,Diameter,linearregression
6416842_2,0.0,Diameter,linearregression
6416830_2,0.0,Diameter,linearregression
6415251_2,0.0,Diameter,linearregression
6414890_2,0.0,Diameter,linearregression
6414738_2,0.0,Diameter,linearregression
6350471_2,0.0,Diameter,linearregression
6391604_2,0.0,Diameter,linearregression
6414202_2,0.0,Diameter,linearregression
6392190_2,0.0,Diameter,linearregression
6145356_2,0.0,Diameter,linearregression
6144676_2,0.0,Diameter,linearregression
6144200_2,0.0,Diameter,linearregression
9087069_2,0.0,Diameter,linearregression
6143231_2,0.0,Diameter,linearregression
6141727_2,0.0,Diameter,linearregression
6141697_2,0.0,Diameter,linearregression
6141694_2,0.0,Diameter,linearregression
6141158_2,0.0,Diameter,linearregression
6141128_2,0.0,Diameter,linearregression
6139691_2,0.0,Diameter,linearregression
6139610_2,0.0,Diameter,linearregression
6138308_2,0.0,Diameter,linearregression
6134604_2,0.0,Diameter,linearregression
6132048_2,0.0,Diameter,linearregression
6131062_2,0.0,Diameter,linearregression
6126736_2,0.0,Diameter,linearregression
6257505_2,0.0,Diameter,linearregression
6257811_2,0.0,Diameter,linearregression
6258977_2,0.0,Diameter,linearregression
6390378_2,0.0,Diameter,linearregression
6397931_2,0.0,Diameter,linearregression
6394882_2,0.0,Diameter,linearregression
6394401_2,0.0,Diameter,linearregression
6393843_2,0.0,Diameter,linearregression
6393358_2,0.0,Diameter,linearregression
6392760_2,0.0,Diameter,linearregression
6414530_2,0.0,Diameter,linearregression
6360335_2,0.0,Diameter,linearregression
5909025_2,0.0,Diameter,linearregression
6320682_2,0.0,Diameter,linearregression
6318181_2,0.0,Diameter,linearregression
6317463_2,0.0,Diameter,linearregression
6316318_2,0.0,Diameter,linearregression
6316071_2,0.0,Diameter,linearregression
6310921_2,0.0,Diameter,linearregression
6309098_2,0.0,Diameter,linearregression
6306808_2,0.0,Diameter,linearregression
6302176_2,0.0,Diameter,linearregression
6300797_2,0.0,Diameter,linearregression
6299259_2,0.0,Diameter,linearregression
6109409_2,0.0,Diameter,linearregression
6103883_2,0.0,Diameter,linearregression
7186107_2,0.0,Diameter,linearregression
5914786_2,0.0,Diameter,linearregression
5919535_2,0.0,Diameter,linearregression
5918886_2,0.0,Diameter,linearregression
5918514_2,0.0,Diameter,linearregression
5918270_2,0.0,Diameter,linearregression
5916700_2,0.0,Diameter,linearregression
5915216_2,0.0,Diameter,linearregression
5914953_2,0.0,Diameter,linearregression
5914850_2,0.0,Diameter,linearregression
5914569_2,0.0,Diameter,linearregression
5921181_2,0.0,Diameter,linearregression
5911316_2,0.0,Diameter,linearregression
5910705_2,0.0,Diameter,linearregression
5910107_2,0.0,Diameter,linearregression
6320474_2,0.0,Diameter,linearregression
6322811_2,0.0,Diameter,linearregression
6349486_2,0.0,Diameter,linearregression
6324096_2,0.0,Diameter,linearregression
6260171_2,0.0,Diameter,linearregression
6286212_2,0.0,Diameter,linearregression
6294322_2,0.0,Diameter,linearregression
6293487_2,0.0,Diameter,linearregression
6292648_2,0.0,Diameter,linearregression
6292051_2,0.0,Diameter,linearregression
6291512_2,0.0,Diameter,linearregression
6290739_2,0.0,Diameter,linearregression
6289254_2,0.0,Diameter,linearregression
6288512_2,0.0,Diameter,linearregression
6285456_2,0.0,Diameter,linearregression
6347241_2,0.0,Diameter,linearregression
6277622_2,0.0,Diameter,linearregression
6276606_2,0.0,Diameter,linearregression
6276373_2,0.0,Diameter,linearregression
6275589_2,0.0,Diameter,linearregression
6263176_2,0.0,Diameter,linearregression
6262884_2,0.0,Diameter,linearregression
6262766_2,0.0,Diameter,linearregression
6261031_2,0.0,Diameter,linearregression
6294663_2,0.0,Diameter,linearregression
6294892_2,0.0,Diameter,linearregression
6296088_2,0.0,Diameter,linearregression
6297088_2,0.0,Diameter,linearregression
6332328_2,0.0,Diameter,linearregression
6328686_2,0.0,Diameter,linearregression
6325733_2,0.0,Diameter,linearregression
9083576_2,0.0,Diameter,linearregression
9093218_2,0.0,Diameter,linearregression
9088545_2,0.0,Diameter,linearregression
7303275_2,0.0,Diameter,linearregression
7942834_2,0.0,Diameter,linearregression
7938166_2,0.0,Diameter,linearregression
7937236_2,0.0,Diameter,linearregression
7936253_2,0.0,Diameter,linearregression
7935619_2,0.0,Diameter,linearregression
7933130_2,0.0,Diameter,linearregression
7928553_2,0.0,Diameter,linearregression
7927798_2,0.0,Diameter,linearregression
7925677_2,0.0,Diameter,linearregression
7924809_2,0.0,Diameter,linearregression
7645679_2,0.0,Diameter,linearregression
7644284_2,0.0,Diameter,linearregression
8067633_2,0.0,Diameter,linearregression
7316263_2,0.0,Diameter,linearregression
7947448_2,0.0,Diameter,linearregression
7314586_2,0.0,Diameter,linearregression
7311447_2,0.0,Diameter,linearregression
7310551_2,0.0,Diameter,linearregression
7306536_2,0.0,Diameter,linearregression
7306303_2,0.0,Diameter,linearregression
7303732_2,0.0,Diameter,linearregression
7303607_2,0.0,Diameter,linearregression
7302753_2,0.0,Diameter,linearregression
7317945_2,0.0,Diameter,linearregression
7301748_2,0.0,Diameter,linearregression
7298940_2,0.0,Diameter,linearregression
7296874_2,0.0,Diameter,linearregression
7294108_2,0.0,Diameter,linearregression
7945428_2,0.0,Diameter,linearregression
7949434_2,0.0,Diameter,linearregression
7246626_2,0.0,Diameter,linearregression
7910893_2,0.0,Diameter,linearregression
7960805_2,0.0,Diameter,linearregression
7645398_2,0.0,Diameter,linearregression
7913580_2,0.0,Diameter,linearregression
7919865_2,0.0,Diameter,linearregression
7919422_2,0.0,Diameter,linearregression
7919086_2,0.0,Diameter,linearregression
7917855_2,0.0,Diameter,linearregression
7916980_2,0.0,Diameter,linearregression
7916663_2,0.0,Diameter,linearregression
7915329_2,0.0,Diameter,linearregression
7914870_2,0.0,Diameter,linearregression
7912099_2,0.0,Diameter,linearregression
7957442_2,0.0,Diameter,linearregression
7907871_2,0.0,Diameter,linearregression
7951213_2,0.0,Diameter,linearregression
7903809_2,0.0,Diameter,linearregression
7902278_2,0.0,Diameter,linearregression
7894981_2,0.0,Diameter,linearregression
7894334_2,0.0,Diameter,linearregression
7893313_2,0.0,Diameter,linearregression
7890326_2,0.0,Diameter,linearregression
7919912_2,0.0,Diameter,linearregression
7921138_2,0.0,Diameter,linearregression
7923236_2,0.0,Diameter,linearregression
7923705_2,0.0,Diameter,linearregression
7956555_2,0.0,Diameter,linearregression
7953207_2,0.0,Diameter,linearregression
7952130_2,0.0,Diameter,linearregression
7293069_2,0.0,Diameter,linearregression
7292761_2,0.0,Diameter,linearregression
7292615_2,0.0,Diameter,linearregression
7230582_2,0.0,Diameter,linearregression
7220571_2,0.0,Diameter,linearregression
7220259_2,0.0,Diameter,linearregression
7218558_2,0.0,Diameter,linearregression
7206945_2,0.0,Diameter,linearregression
7275433_2,0.0,Diameter,linearregression
7204933_2,0.0,Diameter,linearregression
7200418_2,0.0,Diameter,linearregression
7197062_2,0.0,Diameter,linearregression
7195664_2,0.0,Diameter,linearregression
7194908_2,0.0,Diameter,linearregression
7194869_2,0.0,Diameter,linearregression
7192498_2,0.0,Diameter,linearregression
7191551_2,0.0,Diameter,linearregression
7232951_2,0.0,Diameter,linearregression
7291637_2,0.0,Diameter,linearregression
7235517_2,0.0,Diameter,linearregression
7236612_2,0.0,Diameter,linearregression
7273665_2,0.0,Diameter,linearregression
7271503_2,0.0,Diameter,linearregression
7261386_2,0.0,Diameter,linearregression
7259489_2,0.0,Diameter,linearregression
7258611_2,0.0,Diameter,linearregression
7258262_2,0.0,Diameter,linearregression
7258056_2,0.0,Diameter,linearregression
7253153_2,0.0,Diameter,linearregression
7249220_2,0.0,Diameter,linearregression
7248666_2,0.0,Diameter,linearregression
7247967_2,0.0,Diameter,linearregression
7222719_2,0.0,Diameter,linearregression
7225233_2,0.0,Diameter,linearregression
7226791_2,0.0,Diameter,linearregression
7228061_2,0.0,Diameter,linearregression
7316563_2,0.0,Diameter,linearregression
7319991_2,0.0,Diameter,linearregression
7643683_2,0.0,Diameter,linearregression
7360495_2,0.0,Diameter,linearregression
7371161_2,0.0,Diameter,linearregression
7370836_2,0.0,Diameter,linearregression
7370089_2,0.0,Diameter,linearregression
7370060_2,0.0,Diameter,linearregression
7364103_2,0.0,Diameter,linearregression
7363052_2,0.0,Diameter,linearregression
7362057_2,0.0,Diameter,linearregression
7361535_2,0.0,Diameter,linearregression
7352771_2,0.0,Diameter,linearregression
7320556_2,0.0,Diameter,linearregression
7351475_2,0.0,Diameter,linearregression
7340063_2,0.0,Diameter,linearregression
7334748_2,0.0,Diameter,linearregression
7333513_2,0.0,Diameter,linearregression
7330826_2,0.0,Diameter,linearregression
7328485_2,0.0,Diameter,linearregression
7326727_2,0.0,Diameter,linearregression
7324888_2,0.0,Diameter,linearregression
7288403_2,0.0,Diameter,linearregression
7286235_2,0.0,Diameter,linearregression
7285221_2,0.0,Diameter,linearregression
7212074_2,0.0,Diameter,linearregression
7228664_2,0.0,Diameter,linearregression
7963084_2,0.0,Diameter,linearregression
8004429_2,0.0,Diameter,linearregression
8004887_2,0.0,Diameter,linearregression
7678201_2,0.0,Diameter,linearregression
7863569_2,0.0,Diameter,linearregression
7861653_2,0.0,Diameter,linearregression
7859793_2,0.0,Diameter,linearregression
7859611_2,0.0,Diameter,linearregression
7857145_2,0.0,Diameter,linearregression
7855473_2,0.0,Diameter,linearregression
7852606_2,0.0,Diameter,linearregression
7841751_2,0.0,Diameter,linearregression
7762444_2,0.0,Diameter,linearregression
7762372_2,0.0,Diameter,linearregression
7888676_2,0.0,Diameter,linearregression
7658723_2,0.0,Diameter,linearregression
7678245_2,0.0,Diameter,linearregression
7674551_2,0.0,Diameter,linearregression
7650329_2,0.0,Diameter,linearregression
7670699_2,0.0,Diameter,linearregression
7667870_2,0.0,Diameter,linearregression
7667321_2,0.0,Diameter,linearregression
7663960_2,0.0,Diameter,linearregression
7661102_2,0.0,Diameter,linearregression
7657320_2,0.0,Diameter,linearregression
7761736_2,0.0,Diameter,linearregression
7657133_2,0.0,Diameter,linearregression
7655726_2,0.0,Diameter,linearregression
7655132_2,0.0,Diameter,linearregression
7653814_2,0.0,Diameter,linearregression
7652790_2,0.0,Diameter,linearregression
7652641_2,0.0,Diameter,linearregression
7863803_2,0.0,Diameter,linearregression
7868271_2,0.0,Diameter,linearregression
7870344_2,0.0,Diameter,linearregression
7872539_2,0.0,Diameter,linearregression
7775333_2,0.0,Diameter,linearregression
7815171_2,0.0,Diameter,linearregression
7813889_2,0.0,Diameter,linearregression
7810043_2,0.0,Diameter,linearregression
7784286_2,0.0,Diameter,linearregression
7783758_2,0.0,Diameter,linearregression
7782616_2,0.0,Diameter,linearregression
7781444_2,0.0,Diameter,linearregression
7777427_2,0.0,Diameter,linearregression
7763430_2,0.0,Diameter,linearregression
7763776_2,0.0,Diameter,linearregression
7819082_2,0.0,Diameter,linearregression
7773674_2,0.0,Diameter,linearregression
7771967_2,0.0,Diameter,linearregression
7769383_2,0.0,Diameter,linearregression
7768976_2,0.0,Diameter,linearregression
7766385_2,0.0,Diameter,linearregression
7765720_2,0.0,Diameter,linearregression
7774472_2,0.0,Diameter,linearregression
7836826_2,0.0,Diameter,linearregression
7838525_2,0.0,Diameter,linearregression
7839889_2,0.0,Diameter,linearregression
7882834_2,0.0,Diameter,linearregression
7881634_2,0.0,Diameter,linearregression
7880208_2,0.0,Diameter,linearregression
7876306_2,0.0,Diameter,linearregression
7876006_2,0.0,Diameter,linearregression
7652600_2,0.0,Diameter,linearregression
7679287_2,0.0,Diameter,linearregression
8007599_2,0.0,Diameter,linearregression
8003376_2,0.0,Diameter,linearregression
7989999_2,0.0,Diameter,linearregression
7961577_2,0.0,Diameter,linearregression
7987814_2,0.0,Diameter,linearregression
7986210_2,0.0,Diameter,linearregression
7977752_2,0.0,Diameter,linearregression
7977556_2,0.0,Diameter,linearregression
7976372_2,0.0,Diameter,linearregression
7974960_2,0.0,Diameter,linearregression
7973029_2,0.0,Diameter,linearregression
7968894_2,0.0,Diameter,linearregression
7996420_2,0.0,Diameter,linearregression
8000100_2,0.0,Diameter,linearregression
8001328_2,0.0,Diameter,linearregression
8061729_2,0.0,Diameter,linearregression
7681327_2,0.0,Diameter,linearregression
8060431_2,0.0,Diameter,linearregression
8047400_2,0.0,Diameter,linearregression
8040854_2,0.0,Diameter,linearregression
8038661_2,0.0,Diameter,linearregression
8030294_2,0.0,Diameter,linearregression
8022820_2,0.0,Diameter,linearregression
8020825_2,0.0,Diameter,linearregression
8020633_2,0.0,Diameter,linearregression
8017062_2,0.0,Diameter,linearregression
8015976_2,0.0,Diameter,linearregression
8014201_2,0.0,Diameter,linearregression
8013558_2,0.0,Diameter,linearregression
8011070_2,0.0,Diameter,linearregression
7991060_2,0.0,Diameter,linearregression
7991067_2,0.0,Diameter,linearregression
7991785_2,0.0,Diameter,linearregression
7993245_2,0.0,Diameter,linearregression
7686358_2,0.0,Diameter,linearregression
7689439_2,0.0,Diameter,linearregression
7759864_2,0.0,Diameter,linearregression
7757825_2,0.0,Diameter,linearregression
7756013_2,0.0,Diameter,linearregression
7752562_2,0.0,Diameter,linearregression
7736161_2,0.0,Diameter,linearregression
7730920_2,0.0,Diameter,linearregression
7730615_2,0.0,Diameter,linearregression
7730272_2,0.0,Diameter,linearregression
7730104_2,0.0,Diameter,linearregression
7729606_2,0.0,Diameter,linearregression
7729543_2,0.0,Diameter,linearregression
7727325_2,0.0,Diameter,linearregression
7724880_2,0.0,Diameter,linearregression
7713441_2,0.0,Diameter,linearregression
7707930_2,0.0,Diameter,linearregression
7703518_2,0.0,Diameter,linearregression
7696086_2,0.0,Diameter,linearregression
7883674_2,0.0,Diameter,linearregression
26974820_5,0.0,Diameter,linearregression
7889744_2,0.0,Diameter,linearregression
7990496_2,0.0,Diameter,linearregression
7996235_2,0.0,Diameter,linearregression
7994713_2,0.0,Diameter,linearregression
7993716_2,0.0,Diameter,linearregression
7993580_2,0.0,Diameter,linearregression
7246898_2,0.0,Diameter,linearregression
7243014_2,0.0,Diameter,linearregression
9096498_2,0.0,Diameter,linearregression
8785331_2,0.0,Diameter,linearregression
8831280_2,0.0,Diameter,linearregression
8820751_2,0.0,Diameter,linearregression
8820727_2,0.0,Diameter,linearregression
8820253_2,0.0,Diameter,linearregression
8819189_2,0.0,Diameter,linearregression
8818166_2,0.0,Diameter,linearregression
8817076_2,0.0,Diameter,linearregression
8816341_2,0.0,Diameter,linearregression
8797527_2,0.0,Diameter,linearregression
8795687_2,0.0,Diameter,linearregression
8791712_2,0.0,Diameter,linearregression
8789313_2,0.0,Diameter,linearregression
8787062_2,0.0,Diameter,linearregression
8783665_2,0.0,Diameter,linearregression
8721230_2,0.0,Diameter,linearregression
8780705_2,0.0,Diameter,linearregression
8765502_2,0.0,Diameter,linearregression
9006349_2,0.0,Diameter,linearregression
9010667_2,0.0,Diameter,linearregression
9013326_2,0.0,Diameter,linearregression
9149662_2,0.0,Diameter,linearregression
9189042_2,0.0,Diameter,linearregression
9185697_2,0.0,Diameter,linearregression
9184928_2,0.0,Diameter,linearregression
9174488_2,0.0,Diameter,linearregression
9173515_2,0.0,Diameter,linearregression
9170685_2,0.0,Diameter,linearregression
9165015_2,0.0,Diameter,linearregression
8763657_2,0.0,Diameter,linearregression
8712346_2,0.0,Diameter,linearregression
7242255_2,0.0,Diameter,linearregression
8666967_2,0.0,Diameter,linearregression
8973977_2,0.0,Diameter,linearregression
8969616_2,0.0,Diameter,linearregression
8968306_2,0.0,Diameter,linearregression
8964310_2,0.0,Diameter,linearregression
8961362_2,0.0,Diameter,linearregression
8957521_2,0.0,Diameter,linearregression
8868577_2,0.0,Diameter,linearregression
8852900_2,0.0,Diameter,linearregression
8834265_2,0.0,Diameter,linearregression
8621468_2,0.0,Diameter,linearregression
8703740_2,0.0,Diameter,linearregression
8700916_2,0.0,Diameter,linearregression
8697277_2,0.0,Diameter,linearregression
8629279_2,0.0,Diameter,linearregression
8709578_2,0.0,Diameter,linearregression
8625846_2,0.0,Diameter,linearregression
8621731_2,0.0,Diameter,linearregression
8621728_2,0.0,Diameter,linearregression
8618512_2,0.0,Diameter,linearregression
8833829_2,0.0,Diameter,linearregression
8617621_2,0.0,Diameter,linearregression
8614652_2,0.0,Diameter,linearregression
8613698_2,0.0,Diameter,linearregression
8612698_2,0.0,Diameter,linearregression
8600457_2,0.0,Diameter,linearregression
8599540_2,0.0,Diameter,linearregression
8599193_2,0.0,Diameter,linearregression
8598580_2,0.0,Diameter,linearregression
9156061_2,0.0,Diameter,linearregression
9147323_2,0.0,Diameter,linearregression
9130378_2,0.0,Diameter,linearregression
9021620_2,0.0,Diameter,linearregression
9028498_2,0.0,Diameter,linearregression
9039932_2,0.0,Diameter,linearregression
9038728_2,0.0,Diameter,linearregression
9038659_2,0.0,Diameter,linearregression
9036917_2,0.0,Diameter,linearregression
9035252_2,0.0,Diameter,linearregression
9033793_2,0.0,Diameter,linearregression
9032503_2,0.0,Diameter,linearregression
9029597_2,0.0,Diameter,linearregression
9026970_2,0.0,Diameter,linearregression
9125217_2,0.0,Diameter,linearregression
9024793_2,0.0,Diameter,linearregression
9023379_2,0.0,Diameter,linearregression
9021162_2,0.0,Diameter,linearregression
9144512_2,0.0,Diameter,linearregression
9020666_2,0.0,Diameter,linearregression
9020095_2,0.0,Diameter,linearregression
9019720_2,0.0,Diameter,linearregression
9017316_2,0.0,Diameter,linearregression
9041711_2,0.0,Diameter,linearregression
9046994_2,0.0,Diameter,linearregression
9056450_2,0.0,Diameter,linearregression
9057198_2,0.0,Diameter,linearregression
9123260_2,0.0,Diameter,linearregression
9113993_2,0.0,Diameter,linearregression
9107087_2,0.0,Diameter,linearregression
9103297_2,0.0,Diameter,linearregression
9099974_2,0.0,Diameter,linearregression
9017190_2,0.0,Diameter,linearregression
9126288_2,0.0,Diameter,linearregression
9132302_2,0.0,Diameter,linearregression
9196433_2,0.0,Diameter,linearregression
9143942_2,0.0,Diameter,linearregression
9141159_2,0.0,Diameter,linearregression
9140269_2,0.0,Diameter,linearregression
9139448_2,0.0,Diameter,linearregression
9138165_2,0.0,Diameter,linearregression
9134438_2,0.0,Diameter,linearregression
9133448_2,0.0,Diameter,linearregression
9190511_2,0.0,Diameter,linearregression
9191014_2,0.0,Diameter,linearregression
9193361_2,0.0,Diameter,linearregression
9193815_2,0.0,Diameter,linearregression
9278622_2,0.0,Diameter,linearregression
9277730_2,0.0,Diameter,linearregression
9276705_2,0.0,Diameter,linearregression
9273886_2,0.0,Diameter,linearregression
9270759_2,0.0,Diameter,linearregression
9266459_2,0.0,Diameter,linearregression
9255685_2,0.0,Diameter,linearregression
9254802_2,0.0,Diameter,linearregression
9252601_2,0.0,Diameter,linearregression
9251777_2,0.0,Diameter,linearregression
9251333_2,0.0,Diameter,linearregression
9249172_2,0.0,Diameter,linearregression
9214928_2,0.0,Diameter,linearregression
9214315_2,0.0,Diameter,linearregression
9201863_2,0.0,Diameter,linearregression
9198436_2,0.0,Diameter,linearregression
8974954_2,0.0,Diameter,linearregression
8983937_2,0.0,Diameter,linearregression
8949127_2,0.0,Diameter,linearregression
7568895_2,0.0,Diameter,linearregression
7632646_2,0.0,Diameter,linearregression
7628896_2,0.0,Diameter,linearregression
7603301_2,0.0,Diameter,linearregression
7603131_2,0.0,Diameter,linearregression
7591073_2,0.0,Diameter,linearregression
7588912_2,0.0,Diameter,linearregression
7587414_2,0.0,Diameter,linearregression
7580194_2,0.0,Diameter,linearregression
7579860_2,0.0,Diameter,linearregression
7579726_2,0.0,Diameter,linearregression
7576187_2,0.0,Diameter,linearregression
7573543_2,0.0,Diameter,linearregression
7568941_2,0.0,Diameter,linearregression
7491835_2,0.0,Diameter,linearregression
7385255_2,0.0,Diameter,linearregression
7483348_2,0.0,Diameter,linearregression
7374322_2,0.0,Diameter,linearregression
7387461_2,0.0,Diameter,linearregression
7408164_2,0.0,Diameter,linearregression
7405316_2,0.0,Diameter,linearregression
7399185_2,0.0,Diameter,linearregression
7395500_2,0.0,Diameter,linearregression
7392638_2,0.0,Diameter,linearregression
7391511_2,0.0,Diameter,linearregression
7389922_2,0.0,Diameter,linearregression
7387552_2,0.0,Diameter,linearregression
7386588_2,0.0,Diameter,linearregression
7453918_2,0.0,Diameter,linearregression
7641020_2,0.0,Diameter,linearregression
7641933_2,0.0,Diameter,linearregression
7642806_2,0.0,Diameter,linearregression
7564434_2,0.0,Diameter,linearregression
7240584_2,0.0,Diameter,linearregression
7238510_2,0.0,Diameter,linearregression
7371363_2,0.0,Diameter,linearregression
7372266_2,0.0,Diameter,linearregression
7373920_2,0.0,Diameter,linearregression
7499610_2,0.0,Diameter,linearregression
7543495_2,0.0,Diameter,linearregression
7526407_2,0.0,Diameter,linearregression
7520877_2,0.0,Diameter,linearregression
7514818_2,0.0,Diameter,linearregression
7514555_2,0.0,Diameter,linearregression
7509902_2,0.0,Diameter,linearregression
7503574_2,0.0,Diameter,linearregression
7501633_2,0.0,Diameter,linearregression
7499279_2,0.0,Diameter,linearregression
7490001_2,0.0,Diameter,linearregression
7497992_2,0.0,Diameter,linearregression
7497362_2,0.0,Diameter,linearregression
7496681_2,0.0,Diameter,linearregression
7496437_2,0.0,Diameter,linearregression
7496275_2,0.0,Diameter,linearregression
7493640_2,0.0,Diameter,linearregression
7493544_2,0.0,Diameter,linearregression
7492523_2,0.0,Diameter,linearregression
7552776_2,0.0,Diameter,linearregression
7557665_2,0.0,Diameter,linearregression
7560014_2,0.0,Diameter,linearregression
7385340_2,0.0,Diameter,linearregression
7384505_2,0.0,Diameter,linearregression
8985609_2,0.0,Diameter,linearregression
8876939_2,0.0,Diameter,linearregression
8920604_2,0.0,Diameter,linearregression
8918182_2,0.0,Diameter,linearregression
8916706_2,0.0,Diameter,linearregression
8912445_2,0.0,Diameter,linearregression
8908844_2,0.0,Diameter,linearregression
8905863_2,0.0,Diameter,linearregression
8891766_2,0.0,Diameter,linearregression
8945435_2,0.0,Diameter,linearregression
8883989_2,0.0,Diameter,linearregression
8883311_2,0.0,Diameter,linearregression
8881740_2,0.0,Diameter,linearregression
8881575_2,0.0,Diameter,linearregression
8877664_2,0.0,Diameter,linearregression
8871260_2,0.0,Diameter,linearregression
7383201_2,0.0,Diameter,linearregression
8869627_2,0.0,Diameter,linearregression
8939507_2,0.0,Diameter,linearregression
8947280_2,0.0,Diameter,linearregression
7188349_2,0.0,Diameter,linearregression
8986033_2,0.0,Diameter,linearregression
9005799_2,0.0,Diameter,linearregression
9005479_2,0.0,Diameter,linearregression
9001385_2,0.0,Diameter,linearregression
8995096_2,0.0,Diameter,linearregression
8993468_2,0.0,Diameter,linearregression
8987875_2,0.0,Diameter,linearregression
8986189_2,0.0,Diameter,linearregression
8986186_2,0.0,Diameter,linearregression
8926875_2,0.0,Diameter,linearregression
8934169_2,0.0,Diameter,linearregression
8898955_2,0.0,Diameter,linearregression
8067698_2,0.0,Diameter,linearregression
7378893_2,0.0,Diameter,linearregression
7377576_2,0.0,Diameter,linearregression
7376056_2,0.0,Diameter,linearregression
7375773_2,0.0,Diameter,linearregression
7408591_2,0.0,Diameter,linearregression
7409753_2,0.0,Diameter,linearregression
7411114_2,0.0,Diameter,linearregression
7413048_2,0.0,Diameter,linearregression
7446369_2,0.0,Diameter,linearregression
7442543_2,0.0,Diameter,linearregression
7439984_2,0.0,Diameter,linearregression
7438933_2,0.0,Diameter,linearregression
7437888_2,0.0,Diameter,linearregression
7436225_2,0.0,Diameter,linearregression
7436110_2,0.0,Diameter,linearregression
7434813_2,0.0,Diameter,linearregression
7433415_2,0.0,Diameter,linearregression
7433011_2,0.0,Diameter,linearregression
7432185_2,0.0,Diameter,linearregression
7427926_2,0.0,Diameter,linearregression
7424048_2,0.0,Diameter,linearregression
7421764_2,0.0,Diameter,linearregression
7421465_2,0.0,Diameter,linearregression
7420014_2,0.0,Diameter,linearregression
7413886_2,0.0,Diameter,linearregression
8064787_2,0.0,Diameter,linearregression
8071231_2,0.0,Diameter,linearregression
5957806_2,0.0,Diameter,linearregression
